lr,svm,rf,nn,xgboost,true_label
0.39210154098854305,0.39402492490492197,0.37316666666666665,0.003081662101416248,0.21844864,0
0.2041436166489691,0.1908318476759867,0.20883333333333332,4.310070520918535e-05,0.014729756,0
0.38419796598962047,0.39680033665753356,0.40904761904761905,0.0038233249770832315,0.3102284,0
0.5463620952028886,0.5612114155503377,0.564936507936508,0.9998189295730762,0.50434846,0
0.3598670057933958,0.3776331670607242,0.45815384615384613,0.052524704359146954,0.16305578,0
0.6100335508858825,0.6575499304089679,0.6482539682539681,0.4242560416896786,0.5368791,0
0.39300330844318526,0.5,0.33838400488400494,0.3500363120516069,0.3563259,0
0.31990266448058813,0.29398525061711916,0.2722857142857143,0.006920363658205315,0.04233597,0
0.3742427450449275,0.4017566814607968,0.5108333333333333,0.012289445478769295,0.47595522,0
0.7307494209576413,0.7511062560586529,0.6990555555555555,0.9992052484416492,0.9938559,0
0.1344513531470369,0.15248714880474873,0.1423333333333333,5.553383661276651e-06,0.014273022,0
0.2572991851466157,0.32938453119156724,0.33666666666666667,1.1254629682743609e-05,0.1270933,0
0.2415807192510342,0.16749525669622128,0.3426904761904762,0.28256635702987165,0.062273506,0
0.2847547931674829,0.2281694231440895,0.19995238095238094,0.06584488009883978,0.084673256,0
0.46114237682979603,0.41497849293537215,0.38116666666666665,0.9980580004448987,0.4633086,0
0.4136919748437174,0.402003446847138,0.4757857142857143,0.95902388213258,0.9050948,0
0.2578792911996657,0.2751646487920657,0.17690476190476193,0.00144375490768692,0.043392185,0
0.8753041780971821,0.7930141181644983,0.727952380952381,0.055505458219561356,0.95582294,0
0.12575004273543802,0.27567106402646174,0.32542857142857146,2.7411952320464002e-06,0.08775255,0
0.4628357294857497,0.4046086556222287,0.5139040404040404,0.0007924073941301729,0.20561081,0
0.33786632616909945,0.414795137191733,0.3012222222222223,0.0010474795676454706,0.006271195,0
0.26252877650600503,0.38394472663116225,0.2648095238095238,0.0025924266193197948,0.100860916,0
0.809798118340866,0.464938713042757,0.4751183261183261,0.00012663560758679346,0.65928614,0
0.28890988836482545,0.33852617271839813,0.5342857142857143,0.00019312921536291308,0.20958404,0
0.3971748728469348,0.44929559739667313,0.3711031746031746,0.9133685320026829,0.10599233,0
0.15719095265123736,0.15492673204759558,0.2865238095238095,0.0038367709706640706,0.06330666,0
0.1531182083835523,0.14708238126660306,0.09333333333333332,7.909694591607216e-05,0.03322864,0
0.4359256115000874,0.3928473422040556,0.36766666666666675,0.21924182984267135,0.19706294,0
0.1346489055209558,0.2048181448529992,0.2694920634920635,0.06764238842623824,0.020780085,0
0.1365114754465341,0.2589531334531323,0.18290909090909094,0.004091270095811309,0.0077390196,0
0.42249577992961956,0.3366862793599587,0.2688333333333333,0.8832026520296624,0.29365382,0
0.5886916891901599,0.5356394643939896,0.5794999999999999,0.5515355248390632,0.7964774,0
0.5266294858098449,0.5734159825658618,0.5682539682539683,0.833716207318533,0.6119803,0
0.622476693757253,0.6769610723836181,0.703,0.2247170875589735,0.4264253,0
0.43674676761770553,0.3693008434341102,0.3486666666666667,0.3588641676685408,0.09183865,0
0.32693228856472556,0.19464673027665222,0.4793809523809523,0.0001129601317986482,0.29256615,0
0.3150313751400172,0.48789041554988727,0.5089285714285714,0.0003608304345336631,0.35189593,0
0.24329551849457012,0.5364449147827178,0.2599523809523809,0.004273572078934762,0.039038587,0
0.708040240162766,0.6955726424464989,0.7055238095238094,0.046988563161475816,0.9504093,0
0.23385829715280768,0.2829271069448557,0.30433333333333334,0.026821165124239016,0.080157384,0
0.4755041234286978,0.5820313169415321,0.4770952380952382,0.9983210683155201,0.0759733,0
0.17434358409065515,0.23621667990318043,0.28311111111111115,0.4575878345856693,0.06973238,0
0.32601865330776,0.7256709648347305,0.49596825396825395,0.9171965318160424,0.504439,0
0.5734192145429837,0.5828377724268036,0.4183095238095238,0.8813048896864447,0.03688555,0
0.28603470854636504,0.382831821370724,0.3619047619047619,0.05088999170785126,0.046869427,0
0.3495730949813068,0.3726456381322694,0.383047619047619,0.00021681479265787333,0.31746957,0
0.20773277982877508,0.24920630200998226,0.1815476190476191,0.00100863348251352,0.02842474,0
0.07964445956060381,0.12917741803975316,0.3527619047619047,0.017428988767081353,0.09098117,0
0.31414227016301904,0.2099600926870321,0.17752380952380953,0.09106107303334586,0.11427294,0
0.44687420066216194,0.6204276016354014,0.5515,0.9986392091129985,0.1783191,0
0.796686124577362,0.6380964016670521,0.4680952380952381,0.9999067593126046,0.13432667,0
0.5462077070093688,0.6469264224097607,0.6001190476190476,0.9996310252930048,0.15284847,0
0.2237892651149183,0.3606918807217457,0.416952380952381,0.0027849802456829187,0.21434912,0
0.43475241439891565,0.3531783891299373,0.31116666666666665,0.09046181213654933,0.06355103,0
0.47567897980165696,0.45942917875508604,0.4697460317460317,0.9931630019844725,0.04409452,0
0.12693021604177754,0.17316934352383037,0.413920634920635,0.0008478264538784918,0.05651411,0
0.5732364945047664,0.5933596103187111,0.5438571428571428,0.9638821175268539,0.25255865,0
0.2940158654805684,0.2988012865460711,0.22809523809523813,0.0011515192031123125,0.023128685,0
0.6023239953829977,0.788700444402648,0.5405555555555553,0.2553134279705761,0.24196225,0
0.2086236808196233,0.2586441653588347,0.2683333333333333,0.02660436546954439,0.033739,0
0.2654822244998284,0.5201492093148403,0.48247619047619045,0.36962918136215783,0.16927917,0
0.4631840463724202,0.6484313697119307,0.5480555555555555,0.06912103129461282,0.06931314,0
0.3596312314255222,0.3971889502485443,0.37357936507936507,0.006587164237010258,0.17804259,0
0.37130515556910165,0.48124163556574673,0.3978809523809524,0.006337455962272491,0.015102161,0
0.4443604068282463,0.6488870442659103,0.5250714285714286,0.9996359278587041,0.12899835,0
0.5710472900434502,0.6607085857958737,0.5924523809523808,0.038727992143700506,0.56258696,0
0.41035386759824927,0.24188582662395955,0.49778571428571444,3.35208897062711e-05,0.33227956,0
0.30729143696648176,0.3708390921782483,0.3468333333333333,0.1224812648747281,0.0698487,0
0.17906516061300584,0.358157225649196,0.3085238095238095,0.05393138618618492,0.17532705,0
0.5864063330021203,0.45410159094038005,0.4166666666666666,0.9939137495157118,0.6296998,0
0.510976135453199,0.3401326828535395,0.5335238095238097,0.9997820984234885,0.6795905,0
0.43879111622887357,0.4373766791307316,0.4459285714285714,0.9940162889410071,0.3954546,0
0.45415286282972517,0.6147484266828726,0.6802222222222221,0.739958166723815,0.57251006,0
0.4543300055133139,0.5425337475236542,0.46204761904761904,0.9232182777101559,0.44231886,0
0.2030622971510388,0.20835413297122948,0.18647619047619046,0.00016831350486546748,0.013578835,0
0.5635065049569623,0.7205638905188876,0.6996904761904762,0.997019211295246,0.960234,0
0.36005428537204137,0.37281276357232795,0.4610714285714285,0.0016104180504210998,0.5261829,0
0.3318632062276849,0.41200005616125523,0.4289761904761904,0.11812792537236674,0.62024987,0
0.34728160803667524,0.20737797339390648,0.39490476190476187,0.3069649858957702,0.4684761,0
0.5196499430661077,0.6038466236652612,0.572,0.9898636972637421,0.6870728,1
0.35954982735245633,0.40857023602018533,0.4405873015873016,0.0883269956937855,0.4206952,1
0.7978180245214576,0.8059906891405392,0.7592727272727272,0.05029890300792317,0.9722373,1
0.5256655556732093,0.5675340647195259,0.3347857142857143,0.01530050922422652,0.040684037,1
0.7905074059036942,0.8358224107532533,0.7824393939393939,0.9999877277790827,0.9561535,1
0.47109204323456394,0.4176020732757176,0.43655050505050513,0.46565947228026977,0.60416937,1
0.6160055205628185,0.5520281334019094,0.5191774891774892,0.9958606989992851,0.8317507,1
0.23490455097701632,0.2742084262788614,0.4122142857142857,0.004326718108472488,0.23409873,1
0.790406175390494,0.8142028958287119,0.8001111111111111,0.23492539873261947,0.9605943,1
0.8990554637704249,0.8999279842391701,0.8863333333333333,0.9999999737374112,0.9914486,1
0.448373074356803,0.3473808152000695,0.5244761904761905,0.493557985693247,0.5669093,1
0.8207858221162749,0.8542017268984696,0.7870000000000001,0.9999983031698545,0.9956666,1
0.8191859715016618,0.9101560088273465,0.7542222222222221,0.9999741935772177,0.7405165,1
0.6619048126500583,0.6718534929065838,0.6367777777777778,0.9976190152704826,0.8787313,1
0.17599004384169803,0.10303383978891824,0.3637460317460318,0.19619714461413165,0.18152778,1
0.8560950465398367,0.8847143452173223,0.8422301587301588,0.9999998344762252,0.97835964,1
0.2825230991486526,0.22250191175749365,0.4091507936507937,0.9801391633854346,0.5810389,1
0.913062278016861,0.9086188682630666,0.8508333333333333,0.9940994042372834,0.94262475,1
0.7611071865440953,0.6338088532619816,0.823809523809524,0.6737571193859095,0.98957974,1
0.40150225371867926,0.5355124056742445,0.39966666666666667,0.03043373681718294,0.7488201,1
0.5261089470059358,0.6211712980244641,0.6558571428571429,0.049863960406224914,0.9280722,1
0.42480682375521833,0.6304459176848555,0.5086666666666667,0.06302067827938003,0.46858454,1
0.7278128414798947,0.7340608638714217,0.7573333333333333,0.9973086201510393,0.97693324,1
0.6394069327763301,0.6729727000324477,0.6897777777777777,0.5564252724361267,0.9385828,1
0.551269246144487,0.6261952050098433,0.5334841269841271,0.9974615902751681,0.8093962,1
0.4449288497179653,0.54552833182765,0.46823809523809523,0.008830335180985466,0.50278634,1
0.6021057561120647,0.5929642176992111,0.6563333333333332,0.01517051790937262,0.8399672,1
0.3244179929765308,0.18252934372938812,0.3058571428571428,0.02435921901145274,0.16099456,1
0.7860870579222137,0.8642345057053457,0.6083333333333334,0.9999990852994634,0.80396396,1
0.7794351972796218,0.8194344720350184,0.84,0.9997567126462304,0.98619705,1
0.7941173871661288,0.8182012631450972,0.8163333333333332,0.9949073402550843,0.9640666,1
0.5191550111138339,0.44627631194694733,0.4329523809523809,0.5457293905783202,0.5415549,1
0.5359463894960269,0.4679960260168066,0.5234444444444446,0.5964107868663806,0.81312776,1
0.5055976478558263,0.5670138539073577,0.6297564102564102,0.036717563026109595,0.96819866,1
0.15934756924783278,0.11734753810005535,0.321952380952381,0.004993376045637902,0.062458534,1
0.08007796096578364,0.2021212253493469,0.21185714285714285,0.003179068066964205,0.025800548,1
0.8332715098608149,0.8634022794838602,0.7839682539682539,0.9875701286729612,0.9584519,1
0.19780733953547053,0.23734883034332488,0.27516666666666667,0.00018214060681035746,0.010525113,1
0.4836934623460247,0.8421315386711673,0.578857142857143,0.9999971377420673,0.08920181,1
0.6611010906412066,0.6676702335709894,0.7155476190476192,0.9565512231813794,0.98978466,1
0.5877602588528824,0.42762403692960355,0.5158333333333335,0.9809932079686955,0.35798585,1
0.6327217370550159,0.582097724035279,0.555547619047619,0.5550139885640843,0.8513603,1
0.4503692894955721,0.5940150369137059,0.668404761904762,0.20095095252534312,0.4000624,1
0.8352434545311719,0.8750274728550487,0.9226666666666666,0.960638718331326,0.9883038,1
0.5530298745562809,0.6968278212128364,0.6239285714285715,0.9981440285723854,0.89673537,1
0.7943676217345895,0.8219873312978997,0.8806666666666665,0.9707540894460135,0.9919642,1
0.5962704541842698,0.7214674716021153,0.5812857142857143,0.9917559794602814,0.8956749,1
0.7047369258094841,0.8260815812576917,0.6568340548340548,0.9997721627346075,0.8766067,1
0.3225915857091533,0.5375597747717368,0.6003809523809523,0.6771774309063217,0.69181514,1
0.7055615637083112,0.7180805752886206,0.7427857142857143,0.9999951061861541,0.9717738,1
0.8492804907156024,0.8917546546734295,0.8799999999999999,0.9999883808089325,0.98060864,1
0.4376345691004484,0.6744984559821425,0.5751428571428572,0.2806612739778738,0.83166224,1
0.2281878270138298,0.3032707256864228,0.5529682539682539,0.7459056696652652,0.73889774,1
0.2954458459037342,0.4316556421739033,0.38785714285714284,0.8784909132107113,0.1812876,1
0.5825375095952134,0.6154801254411955,0.7635238095238095,0.5009215720600452,0.96006364,1
0.5562621221068196,0.5973985994666879,0.5142857142857143,0.8528258169401441,0.36205822,1
0.6296420999232963,0.6879634982626831,0.7235238095238096,0.8887945502167082,0.9821989,1
0.38062265857679,0.43319322209751737,0.5875000000000002,0.6184306464238779,0.6757014,1
0.6346142200376111,0.5529953967773021,0.5261587301587302,0.004935809819223829,0.65513134,1
0.680687818980196,0.6941154410361167,0.7088095238095238,0.9891907381839201,0.83081204,1
0.8342128716155421,0.8536928805791998,0.8580158730158732,0.998370053879591,0.9899866,1
0.5472928688677028,0.6454945724867335,0.5089523809523809,0.9136672824270069,0.68329716,1
0.5799963861558727,0.6902708529410755,0.7459761904761905,0.9905259307070692,0.9790618,1
0.8093443816653314,0.7581358014972253,0.7617619047619048,0.9999994082405568,0.98464847,1
0.7561591891905624,0.7654611090022316,0.8921904761904762,0.9981574080996525,0.9909757,1
0.7886445334369713,0.8167842690194398,0.7770317460317462,0.9988289290395002,0.97369397,1
0.5502419474282791,0.6472502534016054,0.587031746031746,0.08189614569682827,0.5343301,1
0.8779995736734251,0.836932955093904,0.8705238095238096,0.999981633751235,0.99047905,1
0.6097613208368822,0.5249823060687215,0.6377142857142858,0.7147282931356844,0.8825861,1
0.36347979049623586,0.3434249382544845,0.5635555555555555,1.0883352339509384e-07,0.19768442,1
0.9197890595562382,0.8283310486398541,0.882,0.9827383538284209,0.9897927,1
0.34129916054549136,0.28839144556262325,0.34292857142857147,0.5213959323473276,0.41543278,1
0.8478222008254916,0.7654951938823611,0.7138333333333334,0.9984365155167834,0.91311467,1
0.6042150821515359,0.7721734692721056,0.7579365079365078,0.9999757639235178,0.94255483,1
0.4583276880166072,0.5,0.6393809523809524,0.07951916849792148,0.22050792,1
0.809742864511855,0.8509371859860196,0.8273333333333334,0.9951333523106761,0.99521554,1
0.4550969271918762,0.6789199348551838,0.5868333333333333,0.6900472150196301,0.8679528,1
0.5551770548071642,0.6529787309824214,0.5237142857142857,0.7232491910818385,0.81076235,1
0.32677356721388223,0.42157940300071556,0.39607142857142846,0.3795143103524445,0.03571397,1
0.8623838651101619,0.9269488647594687,0.753888888888889,0.9998460512374607,0.9795807,1
0.7205372958833441,0.6999100210458112,0.49847619047619046,0.9989304068932922,0.44706702,1
0.7872214569288554,0.45587157832772984,0.464531746031746,0.9766394402083877,0.91320413,1
0.5437529586667033,0.7733289409179414,0.5096507936507937,0.9998476967930757,0.5721682,1
0.4792846915238472,0.560094555203983,0.5499523809523811,0.6198799076041427,0.5605001,1
0.6151318464692445,0.5187070898747828,0.48288888888888887,0.18701108908636638,0.817517,1
0.7192143250276275,0.6574403379176442,0.8763333333333333,1.1793007888222678e-05,0.9902407,1
0.6263103214709468,0.623256687845129,0.6013333333333333,0.9994977835889389,0.90829396,1
